{"entity": "Huron University USA in London", "url": "*.huron.ac.uk/*", "country": "United Kingdom"}
{"entity": "Imperial College London", "url": "*.ic.ac.uk/*", "country": "United Kingdom"}
{"entity": "ifs University College", "url": "*.ifslearning.ac.uk/*", "country": "United Kingdom"}
{"entity": "International Colleges of Islamic Science", "url": "*.islamiccolleges.com/*", "country": "United Kingdom"}
{"entity": "Keele University", "url": "*.keele.ac.uk/*", "country": "United Kingdom"}
{"entity": "Kingston University", "url": "*.kingston.ac.uk/*", "country": "United Kingdom"}
{"entity": "International Centre for Isclamic Science", "url": "*.kolieh.com/*", "country": "United Kingdom"}
{"entity": "University of Lancaster", "url": "*.lancs.ac.uk/*", "country": "United Kingdom"}
{"entity": "Loughborough University", "url": "*.lboro.ac.uk/*", "country": "United Kingdom"}
{"entity": "London Business School", "url": "*.lbs.lon.ac.uk/*", "country": "United Kingdom"}
{"entity": "University of Leicester", "url": "*.le.ac.uk/*", "country": "United Kingdom"}
{"entity": "University of Leeds", "url": "*.leeds.ac.uk/*", "country": "United Kingdom"}
{"entity": "London Guildhall University", "url": "*.lgu.ac.uk/*", "country": "United Kingdom"}
{"entity": "London Institute of Management and Technology", "url": "*.limt.co.uk/*", "country": "United Kingdom"}
{"entity": "University of Lincoln", "url": "*.lincoln.ac.uk/*", "country": "United Kingdom"}
{"entity": "University of Liverpool", "url": "*.liv.ac.uk/*", "country": "United Kingdom"}
{"entity": "Liverpool John Moores University", "url": "*.livjm.ac.uk/*", "country": "United Kingdom"}
{"entity": "Leeds Metropolitan University", "url": "*.lmu.ac.uk/*", "country": "United Kingdom"}
{"entity": "University of London", "url": "*.lon.ac.uk/*", "country": "United Kingdom"}
{"entity": "London Metropolitan University", "url": "*.londonmet.ac.uk/*", "country": "United Kingdom"}
{"entity": "University of Manchester", "url": "*.man.ac.uk/*", "country": "United Kingdom"}
{"entity": "Middlesex University", "url": "*.mdx.ac.uk/*", "country": "United Kingdom"}
{"entity": "Imperial College School of Medicine", "url": "*.med.ic.ac.uk/*", "country": "United Kingdom"}
{"entity": "The Manchester Metropolitan University", "url": "*.mmu.ac.uk/*", "country": "United Kingdom"}
{"entity": "Napier University", "url": "*.napier.ac.uk/*", "country": "United Kingdom"}
{"entity": "Newport International University", "url": "*.niu.org.uk/*", "country": "United Kingdom"}
{"entity": "University of Northampton", "url": "*.northampton.ac.uk/*", "country": "United Kingdom"}
{"entity": "University of Nottingham", "url": "*.nottingham.ac.uk/*", "country": "United Kingdom"}
{"entity": "Nottingham Trent University", "url": "*.ntu.ac.uk/*", "country": "United Kingdom"}
{"entity": "Open University", "url": "*.open.ac.uk/*", "country": "United Kingdom"}
{"entity": "University of Oxford", "url": "*.ox.ac.uk/*", "country": "United Kingdom"}
{"entity": "University of Paisley", "url": "*.paisley.ac.uk/*", "country": "United Kingdom"}
{"entity": "University of Plymouth", "url": "*.plymouth.ac.uk/*", "country": "United Kingdom"}
{"entity": "University of Portsmouth", "url": "*.port.ac.uk/*", "country": "United Kingdom"}
{"entity": "Royal College of Art", "url": "*.rca.ac.uk/*", "country": "United Kingdom"}
{"entity": "University of Reading", "url": "*.rdg.ac.uk/*", "country": "United Kingdom"}
{"entity": "The Robert Gordon University", "url": "*.rgu.ac.uk/*", "country": "United Kingdom"}
{"entity": "Royal Holloway and Bedford New College", "url": "*.rhbnc.ac.uk/*", "country": "United Kingdom"}
{"entity": "Roehampton University of Surrey", "url": "*.roehampton.ac.uk/*", "country": "United Kingdom"}
{"entity": "University of Salford", "url": "*.salford.ac.uk/*", "country": "United Kingdom"}
{"entity": "South Bank University", "url": "*.sbu.ac.uk/*", "country": "United Kingdom"}
{"entity": "Stratford College London", "url": "*.sclondon.ac/*", "country": "United Kingdom"}
{"entity": "University of Sheffield", "url": "*.shef.ac.uk/*", "country": "United Kingdom"}
{"entity": "Sheffield Hallam University", "url": "*.shu.ac.uk/*", "country": "United Kingdom"}
{"entity": "Swansea Metropolitan University", "url": "*.smu.ac.uk/*", "country": "United Kingdom"}
{"entity": "Southampton Solent University", "url": "*.solent.ac.uk/*", "country": "United Kingdom"}
{"entity": "University of Southampton", "url": "*.soton.ac.uk/*", "country": "United Kingdom"}
{"entity": "Staffordshire University", "url": "*.staffs.ac.uk/*", "country": "United Kingdom"}
{"entity": "University of Stirling", "url": "*.stir.ac.uk/*", "country": "United Kingdom"}
{"entity": "University of Strathclyde", "url": "*.strath.ac.uk/*", "country": "United Kingdom"}
